timestamp,raw_moisture,temperature,soil_wellbeing_index
2025-05-18 12:05:18,792,17.95,47.0
2025-05-18 12:35:18,295,37.79,55.03
2025-05-18 13:05:18,638,24.69,79.16
2025-05-18 13:35:18,543,17.07,84.14
2025-05-18 14:05:18,590,26.89,100.0
2025-05-18 14:35:18,807,38.21,32.92
2025-05-18 15:05:18,265,35.69,55.71
2025-05-18 15:35:18,622,36.66,57.73
2025-05-18 16:05:18,664,34.82,56.46
2025-05-18 16:35:18,800,25.51,60.16
2025-05-18 17:05:18,872,40.32,21.07
2025-05-18 17:35:18,823,20.89,57.46
2025-05-18 18:05:18,757,37.61,39.97
2025-05-18 18:35:18,802,38.05,33.83
2025-05-18 19:05:18,592,36.23,77.54
2025-05-18 19:35:18,721,29.98,69.43
2025-05-18 20:05:18,655,21.73,77.17
2025-05-18 20:35:18,866,15.95,34.32
2025-05-18 21:05:18,854,29.51,53.82
2025-05-18 21:35:18,767,20.78,64.03
2025-05-18 22:05:18,341,40.1,69.81
2025-05-18 22:35:18,278,27.24,78.61
2025-05-18 23:05:18,796,20.71,60.63
2025-05-18 23:35:18,733,41.61,34.8
2025-05-19 00:05:18,838,39.83,26.04
2025-05-19 00:35:18,449,30.21,89.57
2025-05-19 01:05:18,283,29.49,79.2
2025-05-19 01:35:18,269,17.83,63.22
2025-05-19 02:05:18,452,29.04,100.0
2025-05-19 02:35:18,515,28.8,100.0
2025-05-19 03:05:18,523,17.13,84.27
2025-05-19 03:35:18,469,29.4,100.0
2025-05-19 04:05:18,264,23.14,76.97
2025-05-19 04:35:18,535,21.41,100.0
2025-05-19 05:05:18,301,34.6,62.1
2025-05-19 05:35:18,474,19.86,89.72
2025-05-19 06:05:18,708,16.72,54.39
2025-05-19 06:35:18,519,37.97,74.07
2025-05-19 07:05:18,456,23.28,100.0
2025-05-19 07:35:18,381,42.08,65.84
2025-05-19 08:05:18,605,28.12,100.0
2025-05-19 08:35:18,694,24.73,72.59
2025-05-19 09:05:18,771,23.9,63.56
2025-05-19 09:35:18,511,34.15,81.7
2025-05-19 10:05:18,240,30.53,63.09
2025-05-19 10:35:18,477,43.89,62.23
2025-05-19 11:05:18,520,32.89,84.22
2025-05-19 11:35:18,873,38.83,23.94
2025-05-19 12:05:18,395,42.4,65.2
2025-05-19 12:35:18,263,29.5,76.85
2025-05-19 13:05:18,660,33.53,59.52
2025-05-19 13:35:18,356,21.77,100.0
2025-05-19 14:05:18,332,40.21,69.59
2025-05-19 14:35:18,691,20.42,72.94
2025-05-19 15:05:18,651,43.08,41.48
2025-05-19 15:35:18,868,18.7,39.59
2025-05-19 16:05:18,618,27.15,81.51
2025-05-19 16:35:18,224,43.13,36.02
2025-05-19 17:05:18,710,42.55,35.62
2025-05-19 17:35:18,252,36.94,51.69
2025-05-19 18:05:18,318,22.0,100.0
2025-05-19 18:35:18,257,23.48,76.15
2025-05-19 19:05:18,744,26.43,66.73
2025-05-19 19:35:18,632,43.9,42.07
2025-05-19 20:05:18,526,25.74,100.0
2025-05-19 20:35:18,835,24.96,56.05
2025-05-19 21:05:18,780,36.06,40.39
2025-05-19 21:35:18,320,35.46,79.09
2025-05-19 22:05:18,326,30.62,88.76
2025-05-19 22:35:18,216,26.04,71.34
2025-05-19 23:05:18,271,26.57,77.79
2025-05-19 23:35:18,867,34.89,32.52
2025-05-20 00:05:18,874,25.47,51.48
2025-05-20 00:35:18,479,21.39,100.0
2025-05-20 01:05:18,819,37.65,32.63
2025-05-20 01:35:18,632,31.57,66.72
2025-05-20 02:05:18,846,43.75,17.26
2025-05-20 02:35:18,855,17.42,38.55
2025-05-20 03:05:18,642,25.1,78.69
2025-05-20 03:35:18,482,32.99,84.02
2025-05-20 04:05:18,580,24.01,100.0
2025-05-20 04:35:18,717,30.35,59.19
2025-05-20 05:05:18,710,33.91,52.9
2025-05-20 05:35:18,659,43.8,39.09
2025-05-20 06:05:18,818,15.2,38.45
2025-05-20 06:35:18,279,27.47,78.73
2025-05-20 07:05:18,769,29.76,63.79
2025-05-20 07:35:18,485,38.41,73.18
2025-05-20 08:05:18,752,31.78,52.22
2025-05-20 08:35:18,735,34.49,48.81
2025-05-20 09:05:18,595,34.87,80.26
2025-05-20 09:35:18,287,26.49,79.67
2025-05-20 10:05:18,800,20.17,60.16
2025-05-20 10:35:18,318,36.48,77.04
2025-05-20 11:05:18,413,41.18,67.63
2025-05-20 11:35:18,621,44.24,42.67
2025-05-20 12:05:18,595,44.01,61.98
2025-05-20 12:35:18,455,27.07,100.0
2025-05-20 13:05:18,693,22.37,72.71
2025-05-20 13:35:18,795,27.52,60.74
2025-05-20 14:05:18,566,40.49,69.02
2025-05-20 14:35:18,855,24.34,53.71
2025-05-20 15:05:18,835,39.33,27.4
2025-05-20 15:35:18,403,40.79,68.41
2025-05-20 16:05:18,292,31.29,67.67
2025-05-20 16:35:18,725,35.75,47.46
2025-05-20 17:05:18,349,41.14,67.71
2025-05-20 17:35:18,269,41.81,43.93
2025-05-20 18:05:18,315,26.27,100.0
2025-05-20 18:35:18,805,30.76,48.05
2025-05-20 19:05:18,263,23.63,76.85
2025-05-20 19:35:18,670,15.69,56.78
2025-05-20 20:05:18,508,37.82,74.36
2025-05-20 20:35:18,767,44.55,24.94
2025-05-20 21:05:18,264,31.13,64.71
2025-05-20 21:35:18,291,15.71,61.55
2025-05-20 22:05:18,561,44.39,61.22
2025-05-20 22:35:18,326,35.05,79.9
2025-05-20 23:05:18,719,27.02,69.66
2025-05-20 23:35:18,839,36.75,32.08
2025-05-21 00:05:18,247,33.78,57.41
2025-05-21 00:35:18,588,23.34,100.0
2025-05-21 01:05:18,376,20.3,100.0
2025-05-21 01:35:18,646,32.02,64.19
2025-05-21 02:05:18,225,26.77,72.39
2025-05-21 02:35:18,730,20.88,68.37
2025-05-21 03:05:18,493,33.46,83.08
2025-05-21 03:35:18,698,40.43,41.26
2025-05-21 04:05:18,486,43.9,62.21
2025-05-21 04:35:18,596,20.15,100.0
2025-05-21 05:05:18,687,21.36,73.41
2025-05-21 05:35:18,888,16.22,32.28
2025-05-21 06:05:18,474,42.25,65.51
2025-05-21 06:35:18,359,29.82,100.0
2025-05-21 07:05:18,850,34.48,35.33
2025-05-21 07:35:18,773,35.96,41.41
2025-05-21 08:05:18,654,18.5,64.29
2025-05-21 08:35:18,298,28.81,80.96
2025-05-21 09:05:18,767,22.08,64.03
2025-05-21 09:35:18,799,40.63,29.01
2025-05-21 10:05:18,844,29.31,55.0
2025-05-21 10:35:18,575,28.52,100.0
2025-05-21 11:05:18,629,30.4,69.41
2025-05-21 11:35:18,231,16.39,55.88
2025-05-21 12:05:18,255,33.42,59.08
2025-05-21 12:35:18,309,40.12,69.76
2025-05-21 13:05:18,350,43.83,62.35
2025-05-21 13:35:18,577,31.04,87.93
2025-05-21 14:05:18,866,34.51,33.4
2025-05-21 14:35:18,629,23.29,80.22
2025-05-21 15:05:18,366,44.46,61.08
2025-05-21 15:35:18,519,44.3,61.4
2025-05-21 16:05:18,574,34.16,81.68
2025-05-21 16:35:18,245,43.53,37.69
2025-05-21 17:05:18,894,30.94,37.25
2025-05-21 17:35:18,714,28.01,70.25
2025-05-21 18:05:18,358,24.18,100.0
2025-05-21 18:35:18,739,37.73,41.86
2025-05-21 19:05:18,208,17.9,56.2
2025-05-21 19:35:18,603,25.07,100.0
2025-05-21 20:05:18,772,23.99,63.44
2025-05-21 20:35:18,556,21.83,100.0
2025-05-21 21:05:18,432,39.97,70.05
2025-05-21 21:35:18,735,40.95,35.88
2025-05-21 22:05:18,469,30.84,88.31
2025-05-21 22:35:18,549,19.74,89.48
2025-05-21 23:05:18,241,16.96,58.19
2025-05-21 23:35:18,821,38.0,31.69
2025-05-22 00:05:18,330,17.56,85.13
2025-05-22 00:35:18,421,21.08,100.0
2025-05-22 01:05:18,570,39.66,70.69
2025-05-22 01:35:18,751,15.73,47.36
2025-05-22 02:05:18,419,30.53,88.94
2025-05-22 02:35:18,439,26.91,100.0
2025-05-22 03:05:18,418,44.49,61.01
2025-05-22 03:35:18,681,16.32,56.76
2025-05-22 04:05:18,726,35.04,48.76
2025-05-22 04:35:18,716,30.54,58.93
2025-05-22 05:05:18,411,31.64,86.72
2025-05-22 05:35:18,328,22.24,100.0
2025-05-22 06:05:18,751,33.61,48.68
2025-05-22 06:35:18,385,25.22,100.0
2025-05-22 07:05:18,385,28.18,100.0
2025-05-22 07:35:18,297,22.67,80.84
2025-05-22 08:05:18,254,35.43,54.94
2025-05-22 08:35:18,618,29.41,81.51
2025-05-22 09:05:18,863,29.81,52.77
2025-05-22 09:35:18,454,20.63,100.0
2025-05-22 10:05:18,304,26.41,81.66
2025-05-22 10:35:18,274,40.04,48.06
2025-05-22 11:05:18,870,27.73,51.95
2025-05-22 11:35:18,810,36.75,35.48
2025-05-22 12:05:18,678,35.34,53.78
2025-05-22 12:35:18,865,27.78,52.53
2025-05-22 13:05:18,755,34.75,45.93
2025-05-22 13:35:18,675,28.89,74.82
2025-05-22 14:05:18,484,27.82,100.0
2025-05-22 14:35:18,496,20.04,100.0
2025-05-22 15:05:18,784,29.13,62.04
2025-05-22 15:35:18,753,29.02,65.67
2025-05-22 16:05:18,843,33.4,38.31
2025-05-22 16:35:18,785,19.09,50.1
2025-05-22 17:05:18,465,18.99,87.97
2025-05-22 17:35:18,283,31.59,66.02
2025-05-22 18:05:18,486,32.67,84.66
2025-05-22 18:35:18,228,39.18,44.38
2025-05-22 19:05:18,234,37.5,48.44
2025-05-22 19:35:18,853,25.34,53.94
2025-05-22 20:05:18,739,18.38,54.08
2025-05-22 20:35:18,768,21.67,63.91
2025-05-22 21:05:18,857,37.21,29.05
2025-05-22 21:35:18,430,15.19,80.37
2025-05-22 22:05:18,734,25.49,67.9
2025-05-22 22:35:18,830,42.64,21.37
2025-05-22 23:05:18,414,35.7,78.61
2025-05-22 23:35:18,589,44.27,61.46
2025-05-23 00:05:18,619,20.76,81.39
2025-05-23 00:35:18,581,29.06,100.0
2025-05-23 01:05:18,361,15.54,81.07
2025-05-23 01:35:18,887,44.49,10.98
2025-05-23 02:05:18,743,29.49,66.84
2025-05-23 02:35:18,339,31.3,87.39
2025-05-23 03:05:18,519,28.0,100.0
2025-05-23 03:35:18,308,39.32,71.37
2025-05-23 04:05:18,223,41.17,39.82
2025-05-23 04:35:18,402,41.28,67.43
2025-05-23 05:05:18,262,20.42,76.73
2025-05-23 05:35:18,236,18.88,61.44
2025-05-23 06:05:18,847,18.15,40.95
2025-05-23 06:35:18,579,40.95,68.11
2025-05-23 07:05:18,490,43.4,63.21
2025-05-23 07:35:18,454,15.07,80.15
2025-05-23 08:05:18,421,18.46,86.91
2025-05-23 08:35:18,422,32.29,85.43
2025-05-23 09:05:18,476,21.4,100.0
2025-05-23 09:35:18,526,33.72,82.55
2025-05-23 10:05:18,849,33.81,36.79
2025-05-23 10:35:18,330,18.62,87.24
2025-05-23 11:05:18,531,19.91,89.82
2025-05-23 11:35:18,381,31.01,87.98
2025-05-23 12:05:18,383,18.2,86.41
2025-05-23 12:35:18,694,35.76,51.08
2025-05-23 13:05:18,228,37.94,46.86
2025-05-23 13:35:18,559,19.61,89.21
2025-05-23 14:05:18,513,19.43,88.87
2025-05-23 14:35:18,713,33.29,53.79
2025-05-23 15:05:18,805,36.9,35.78
2025-05-23 15:35:18,892,30.61,38.14
2025-05-23 16:05:18,309,37.94,74.13
2025-05-23 16:35:18,792,26.27,61.1
2025-05-23 17:05:18,762,38.06,38.5
2025-05-23 17:35:18,456,31.74,86.52
2025-05-23 18:05:18,316,19.69,89.39
2025-05-23 18:35:18,364,22.07,100.0
2025-05-23 19:05:18,803,20.48,59.81
2025-05-23 19:35:18,466,40.82,68.36
2025-05-23 20:05:18,345,42.57,64.86
2025-05-23 20:35:18,880,41.3,18.17
2025-05-23 21:05:18,405,33.25,83.51
2025-05-23 21:35:18,583,25.83,100.0
2025-05-23 22:05:18,810,25.67,58.99
2025-05-23 22:35:18,414,22.65,100.0
2025-05-23 23:05:18,343,40.52,68.95
2025-05-23 23:35:18,385,23.22,100.0
2025-05-24 00:05:18,216,33.75,53.83
2025-05-24 00:35:18,405,16.48,82.96
2025-05-24 01:05:18,463,28.14,100.0
2025-05-24 01:35:18,257,30.05,66.05
2025-05-24 02:05:18,243,30.23,64.04
2025-05-24 02:35:18,451,19.34,88.68
2025-05-24 03:05:18,282,43.66,41.76
2025-05-24 03:35:18,750,44.59,26.84
2025-05-24 04:05:18,476,38.71,72.58
2025-05-24 04:35:18,306,20.84,81.89
2025-05-24 05:05:18,705,35.35,50.61
2025-05-24 05:35:18,743,42.16,32.53
2025-05-24 06:05:18,857,26.41,53.47
2025-05-24 06:35:18,340,42.97,64.07
2025-05-24 07:05:18,292,34.21,61.82
2025-05-24 07:35:18,481,18.54,87.08
2025-05-24 08:05:18,677,35.94,52.72
2025-05-24 08:35:18,218,37.3,46.98
2025-05-24 09:05:18,787,23.6,61.68
2025-05-24 09:35:18,865,21.46,52.53
2025-05-24 10:05:18,598,44.1,61.81
2025-05-24 10:35:18,267,35.72,55.87
2025-05-24 11:05:18,716,21.85,70.01
2025-05-24 11:35:18,662,43.42,39.51
2025-05-24 12:05:18,439,37.43,75.13
2025-05-24 12:35:18,288,35.02,59.75
2025-05-24 13:05:18,208,22.63,70.4
2025-05-24 13:35:18,873,16.18,33.96
2025-05-24 14:05:18,701,38.41,44.95
2025-05-24 14:35:18,566,19.34,88.68
2025-05-24 15:05:18,413,24.76,100.0
2025-05-24 15:35:18,491,19.98,89.96
2025-05-24 16:05:18,572,22.59,100.0
2025-05-24 16:35:18,607,33.31,83.37
2025-05-24 17:05:18,792,17.61,46.32
2025-05-24 17:35:18,620,19.19,69.65
2025-05-24 18:05:18,543,37.27,75.46
2025-05-24 18:35:18,367,44.12,61.76
2025-05-24 19:05:18,739,44.77,27.78
2025-05-24 19:35:18,360,30.51,88.99
2025-05-24 20:05:18,599,30.88,88.25
2025-05-24 20:35:18,232,16.24,55.7
2025-05-24 21:05:18,327,24.57,100.0
2025-05-24 21:35:18,308,44.95,60.09
2025-05-24 22:05:18,489,18.1,86.19
2025-05-24 22:35:18,439,34.99,80.01
2025-05-24 23:05:18,448,26.76,100.0
2025-05-24 23:35:18,362,32.57,84.85
2025-05-25 00:05:18,516,29.61,100.0
2025-05-25 00:35:18,861,36.08,30.84
2025-05-25 01:05:18,838,19.94,45.57
2025-05-25 01:35:18,296,15.86,62.44
2025-05-25 02:05:18,464,42.38,65.24
2025-05-25 02:35:18,413,24.53,100.0
2025-05-25 03:05:18,389,31.66,86.68
2025-05-25 03:35:18,440,37.21,75.58
2025-05-25 04:05:18,824,41.4,24.54
2025-05-25 04:35:18,687,38.26,46.89
2025-05-25 05:05:18,332,21.14,100.0
2025-05-25 05:35:18,318,42.08,65.84
2025-05-25 06:05:18,798,43.75,22.9
2025-05-25 06:35:18,568,15.65,81.31
2025-05-25 07:05:18,762,21.26,64.62
2025-05-25 07:35:18,212,41.59,37.7
2025-05-25 08:05:18,671,20.37,75.29
2025-05-25 08:35:18,252,25.31,75.56
2025-05-25 09:05:18,472,15.49,80.97
2025-05-25 09:35:18,582,15.29,80.58
2025-05-25 10:05:18,295,17.22,65.05
2025-05-25 10:35:18,547,33.58,82.84
2025-05-25 11:05:18,440,36.09,77.82
2025-05-25 11:35:18,380,37.95,74.1
2025-05-25 12:05:18,889,32.1,35.52
2025-05-25 12:35:18,214,15.21,51.53
2025-05-25 13:05:18,518,28.92,100.0
2025-05-25 13:35:18,559,30.42,89.17
2025-05-25 14:05:18,756,20.95,65.32
2025-05-25 14:35:18,280,37.31,54.22
2025-05-25 15:05:18,597,15.66,81.31
2025-05-25 15:35:18,630,35.39,59.32
2025-05-25 16:05:18,555,28.52,100.0
2025-05-25 16:35:18,714,20.71,70.25
2025-05-25 17:05:18,699,43.06,35.89
2025-05-25 17:35:18,433,18.87,87.74
2025-05-25 18:05:18,460,39.77,70.45
2025-05-25 18:35:18,289,38.2,53.51
2025-05-25 19:05:18,812,37.41,33.94
2025-05-25 19:35:18,629,34.36,61.49
2025-05-25 20:05:18,623,15.56,62.04
2025-05-25 20:35:18,816,40.92,26.43
2025-05-25 21:05:18,420,17.66,85.31
2025-05-25 21:35:18,587,38.45,73.1
2025-05-25 22:05:18,279,22.61,78.73
2025-05-25 22:35:18,683,19.73,63.35
2025-05-25 23:05:18,370,25.85,100.0
2025-05-25 23:35:18,426,40.26,69.48
2025-05-26 00:05:18,874,41.77,17.94
2025-05-26 00:35:18,523,40.61,68.78
2025-05-26 01:05:18,752,21.84,65.79
2025-05-26 01:35:18,736,23.86,67.67
2025-05-26 02:05:18,275,24.51,78.26
2025-05-26 02:35:18,857,44.87,13.74
2025-05-26 03:05:18,296,28.66,80.72
2025-05-26 03:35:18,881,37.41,25.84
2025-05-26 04:05:18,429,33.12,83.76
2025-05-26 04:35:18,232,15.65,54.52
2025-05-26 05:05:18,288,24.65,79.78
2025-05-26 05:35:18,687,26.17,73.41
2025-05-26 06:05:18,243,17.36,59.22
2025-05-26 06:35:18,755,25.32,65.44
2025-05-26 07:05:18,717,18.57,57.04
2025-05-26 07:35:18,258,36.29,53.68
2025-05-26 08:05:18,768,42.41,29.08
2025-05-26 08:35:18,688,38.35,46.59
2025-05-26 09:05:18,212,15.81,52.49
2025-05-26 09:35:18,724,34.1,50.88
2025-05-26 10:05:18,334,41.2,67.59
2025-05-26 10:35:18,259,32.53,61.31
2025-05-26 11:05:18,311,19.88,89.76
2025-05-26 11:35:18,462,17.61,85.22
2025-05-26 12:05:18,527,29.75,100.0
2025-05-26 12:35:18,718,16.31,52.39
2025-05-26 13:05:18,663,18.29,62.8
2025-05-26 13:35:18,767,31.31,51.4
2025-05-26 14:05:18,534,39.8,70.41
2025-05-26 14:35:18,848,40.5,23.53
2025-05-26 15:05:18,741,35.1,46.89
2025-05-26 15:35:18,500,16.3,82.59
2025-05-26 16:05:18,749,19.4,54.95
2025-05-26 16:35:18,850,26.11,54.29
2025-05-26 17:05:18,405,33.38,83.24
2025-05-26 17:35:18,305,35.38,61.02
2025-05-26 18:05:18,872,18.86,39.43
2025-05-26 18:35:18,615,22.9,81.86
2025-05-26 19:05:18,845,43.38,18.12
2025-05-26 19:35:18,352,34.54,80.91
2025-05-26 20:05:18,288,38.99,51.8
2025-05-26 20:35:18,736,30.46,56.75
2025-05-26 21:05:18,532,22.55,100.0
2025-05-26 21:35:18,575,33.43,83.14
2025-05-26 22:05:18,447,23.6,100.0
2025-05-26 22:35:18,370,33.0,84.0
2025-05-26 23:05:18,562,19.97,89.94
2025-05-26 23:35:18,697,28.25,72.24
2025-05-27 00:05:18,454,15.67,81.34
2025-05-27 00:35:18,355,30.14,89.71
2025-05-27 01:05:18,407,26.37,100.0
2025-05-27 01:35:18,285,30.96,67.5
2025-05-27 02:05:18,319,21.01,100.0
2025-05-27 02:35:18,454,25.59,100.0
2025-05-27 03:05:18,344,35.78,78.43
2025-05-27 03:35:18,755,22.12,65.44
2025-05-27 04:05:18,376,40.5,69.0
2025-05-27 04:35:18,868,39.4,23.38
2025-05-27 05:05:18,892,24.39,49.37
2025-05-27 05:35:18,707,32.35,56.36
2025-05-27 06:05:18,620,27.65,81.27
2025-05-27 06:35:18,712,41.86,36.76
2025-05-27 07:05:18,330,20.34,100.0
2025-05-27 07:35:18,673,35.07,54.91
2025-05-27 08:05:18,381,25.94,100.0
2025-05-27 08:35:18,785,30.48,50.95
2025-05-27 09:05:18,465,34.2,81.61
2025-05-27 09:35:18,657,17.81,62.56
2025-05-27 10:05:18,222,32.71,56.63
2025-05-27 10:35:18,316,19.83,89.66
2025-05-27 11:05:18,426,38.41,73.18
2025-05-27 11:35:18,536,16.26,82.51
2025-05-27 12:05:18,712,21.43,70.48
2025-05-27 12:35:18,395,16.59,83.18
2025-05-27 13:05:18,626,17.02,64.61
2025-05-27 13:35:18,739,41.3,34.71
2025-05-27 14:05:18,433,33.25,83.5
2025-05-27 14:35:18,681,35.49,53.14
2025-05-27 15:05:18,510,35.82,78.36
2025-05-27 15:35:18,387,43.88,62.24
2025-05-27 16:05:18,630,17.5,65.1
2025-05-27 16:35:18,259,22.45,76.38
2025-05-27 17:05:18,865,36.1,30.34
2025-05-27 17:35:18,220,28.89,71.81
2025-05-27 18:05:18,873,43.04,15.52
2025-05-27 18:35:18,545,15.98,81.95
2025-05-27 19:05:18,817,25.98,58.16
2025-05-27 19:35:18,637,22.01,79.28
2025-05-27 20:05:18,314,36.01,77.98
2025-05-27 20:35:18,428,21.52,100.0
2025-05-27 21:05:18,269,38.82,49.92
2025-05-27 21:35:18,876,43.23,14.78
2025-05-27 22:05:18,546,22.02,100.0
2025-05-27 22:35:18,456,29.63,100.0
2025-05-27 23:05:18,584,29.06,100.0
2025-05-27 23:35:18,566,20.89,100.0
2025-05-28 00:05:18,457,28.6,100.0
2025-05-28 00:35:18,708,39.68,41.58
2025-05-28 01:05:18,226,44.54,33.43
2025-05-28 01:35:18,479,30.14,89.72
2025-05-28 02:05:18,289,35.23,59.43
2025-05-28 02:35:18,341,26.55,100.0
2025-05-28 03:05:18,402,24.55,100.0
2025-05-28 03:35:18,401,34.36,81.28
2025-05-28 04:05:18,266,15.48,58.16
2025-05-28 04:35:18,736,44.02,29.63
2025-05-28 05:05:18,682,33.71,56.59
2025-05-28 05:35:18,489,24.41,100.0
2025-05-28 06:05:18,512,24.72,100.0
2025-05-28 06:35:18,337,18.99,87.99
2025-05-28 07:05:18,627,44.16,42.14
2025-05-28 07:35:18,275,41.65,44.95
2025-05-28 08:05:18,828,29.47,56.87
2025-05-28 08:35:18,530,30.48,89.05
2025-05-28 09:05:18,216,21.54,71.34
2025-05-28 09:35:18,796,25.11,60.63
2025-05-28 10:05:18,325,43.7,62.6
2025-05-28 10:35:18,568,27.7,100.0
2025-05-28 11:05:18,471,16.79,83.58
2025-05-28 11:35:18,472,19.46,88.93
2025-05-28 12:05:18,692,19.53,61.89
2025-05-28 12:35:18,478,44.78,60.45
2025-05-28 13:05:18,723,36.88,45.44
2025-05-28 13:35:18,772,44.63,24.19
2025-05-28 14:05:18,780,31.76,48.98
2025-05-28 14:35:18,683,18.44,60.77
2025-05-28 15:05:18,314,23.2,100.0
2025-05-28 15:35:18,846,23.96,54.76
2025-05-28 16:05:18,359,36.46,77.09
2025-05-28 16:35:18,300,28.82,81.19
2025-05-28 17:05:18,444,37.11,75.77
2025-05-28 17:35:18,825,38.67,29.88
2025-05-28 18:05:18,759,37.0,40.97
2025-05-28 18:35:18,245,23.88,74.74
2025-05-28 19:05:18,789,32.67,46.11
2025-05-28 19:35:18,356,21.88,100.0
2025-05-28 20:05:18,559,22.12,100.0
2025-05-28 20:35:18,575,16.58,83.15
2025-05-28 21:05:18,426,18.33,86.66
2025-05-28 21:35:18,553,39.21,71.58
2025-05-28 22:05:18,869,44.2,13.67
2025-05-28 22:35:18,337,37.56,74.88
2025-05-28 23:05:18,353,21.08,100.0
2025-05-28 23:35:18,237,20.91,73.8
2025-05-29 00:05:18,325,33.4,83.21
2025-05-29 00:35:18,475,26.45,100.0
2025-05-29 01:05:18,213,34.35,52.29
2025-05-29 01:35:18,429,17.69,85.37
2025-05-29 02:05:18,216,28.28,71.34
2025-05-29 02:35:18,340,26.07,100.0
2025-05-29 03:05:18,524,18.98,87.96
2025-05-29 03:35:18,239,38.28,47.48
2025-05-29 04:05:18,221,42.06,37.8
2025-05-29 04:35:18,458,24.12,100.0
2025-05-29 05:05:18,516,27.69,100.0
2025-05-29 05:35:18,884,32.42,35.47
2025-05-29 06:05:18,636,18.0,65.4
2025-05-29 06:35:18,293,43.51,43.35
2025-05-29 07:05:18,425,26.19,100.0
2025-05-29 07:35:18,368,39.82,70.37
2025-05-29 08:05:18,207,27.79,70.28
2025-05-29 08:35:18,857,39.07,25.34
2025-05-29 09:05:18,830,29.8,56.64
2025-05-29 09:35:18,610,43.4,63.19
2025-05-29 10:05:18,475,21.81,100.0
2025-05-29 10:35:18,414,41.26,67.48
2025-05-29 11:05:18,268,27.88,77.44
2025-05-29 11:35:18,432,18.3,86.6
2025-05-29 12:05:18,729,24.11,68.49
2025-05-29 12:35:18,280,25.95,78.84
2025-05-29 13:05:18,465,37.2,75.61
2025-05-29 13:35:18,287,22.79,79.67
2025-05-29 14:05:18,674,31.42,62.1
2025-05-29 14:35:18,418,29.43,100.0
2025-05-29 15:05:18,402,41.15,67.7
2025-05-29 15:35:18,297,44.81,41.21
2025-05-29 16:05:18,411,39.17,71.67
2025-05-29 16:35:18,671,30.81,63.67
2025-05-29 17:05:18,213,24.69,70.99
2025-05-29 17:35:18,782,15.18,42.63
2025-05-29 18:05:18,822,29.21,57.58
2025-05-29 18:35:18,721,23.57,69.43
2025-05-29 19:05:18,565,30.21,89.58
2025-05-29 19:35:18,239,21.63,74.04
2025-05-29 20:05:18,515,37.85,74.31
2025-05-29 20:35:18,584,26.24,100.0
2025-05-29 21:05:18,405,44.81,60.39
2025-05-29 21:35:18,332,15.37,80.75
2025-05-29 22:05:18,294,31.82,66.84
2025-05-29 22:35:18,547,34.24,81.52
2025-05-29 23:05:18,616,35.13,61.49
2025-05-29 23:35:18,207,32.43,55.42
2025-05-30 00:05:18,501,36.34,77.32
2025-05-30 00:35:18,544,39.45,71.1
2025-05-30 01:05:18,732,26.68,68.13
2025-05-30 01:35:18,266,34.15,58.9
2025-05-30 02:05:18,431,39.99,70.02
2025-05-30 02:35:18,558,44.35,61.29
2025-05-30 03:05:18,274,37.14,53.87
2025-05-30 03:35:18,514,30.94,88.11
2025-05-30 04:05:18,814,16.46,41.44
2025-05-30 04:35:18,383,26.34,100.0
2025-05-30 05:05:18,866,16.55,35.51
2025-05-30 05:35:18,507,32.78,84.45
2025-05-30 06:05:18,486,32.19,85.63
2025-05-30 06:35:18,838,40.11,25.48
2025-05-30 07:05:18,390,17.47,84.94
2025-05-30 07:35:18,859,42.83,17.58
2025-05-30 08:05:18,488,31.0,87.99
2025-05-30 08:35:18,751,42.31,31.29
2025-05-30 09:05:18,244,31.29,62.04
2025-05-30 09:35:18,593,42.77,64.46
2025-05-30 10:05:18,739,22.05,67.31
2025-05-30 10:35:18,336,16.82,83.65
2025-05-30 11:05:18,369,27.55,100.0
2025-05-30 11:35:18,471,33.4,83.21
2025-05-30 12:05:18,439,26.65,100.0
2025-05-30 12:35:18,380,18.89,87.78
2025-05-30 13:05:18,329,23.78,100.0
2025-05-30 13:35:18,714,25.57,70.25
2025-05-30 14:05:18,270,42.02,43.64
2025-05-30 14:35:18,320,21.44,100.0
2025-05-30 15:05:18,797,42.59,25.33
2025-05-30 15:35:18,858,19.09,41.54
2025-05-30 16:05:18,557,17.33,84.67
2025-05-30 16:35:18,418,23.02,100.0
2025-05-30 17:05:18,592,36.72,76.57
2025-05-30 17:35:18,821,32.59,42.51
2025-05-30 18:05:18,824,43.0,21.35
2025-05-30 18:35:18,639,38.56,51.93
2025-05-30 19:05:18,900,40.78,16.86
2025-05-30 19:35:18,341,23.48,100.0
2025-05-30 20:05:18,363,16.1,82.19
2025-05-30 20:35:18,784,27.41,62.04
2025-05-30 21:05:18,710,15.72,52.15
2025-05-30 21:35:18,840,37.45,30.57
2025-05-30 22:05:18,345,39.52,70.96
2025-05-30 22:35:18,214,21.18,71.1
2025-05-30 23:05:18,235,28.63,73.57
2025-05-30 23:35:18,264,43.14,40.69
2025-05-31 00:05:18,784,27.89,62.04
2025-05-31 00:35:18,491,29.79,100.0
2025-05-31 01:05:18,438,16.33,82.67
2025-05-31 01:35:18,471,16.11,82.21
2025-05-31 02:05:18,652,29.36,77.52
2025-05-31 02:35:18,803,28.27,59.81
2025-05-31 03:05:18,449,38.7,72.6
2025-05-31 03:35:18,708,41.67,37.62
2025-05-31 04:05:18,207,39.11,42.06
2025-05-31 04:35:18,449,28.6,100.0
2025-05-31 05:05:18,724,25.73,69.07
2025-05-31 05:35:18,738,17.9,53.22
2025-05-31 06:05:18,714,32.55,55.15
2025-05-31 06:35:18,468,38.87,72.26
2025-05-31 07:05:18,807,33.73,41.89
2025-05-31 07:35:18,666,34.84,56.21
2025-05-31 08:05:18,591,39.75,70.5
2025-05-31 08:35:18,206,15.06,50.28
2025-05-31 09:05:18,856,24.59,53.59
2025-05-31 09:35:18,208,41.37,37.67
2025-05-31 10:05:18,676,31.9,60.9
2025-05-31 10:35:18,681,22.57,74.12
2025-05-31 11:05:18,262,16.94,60.62
2025-05-31 11:35:18,542,28.89,100.0
2025-05-31 12:05:18,757,32.51,50.19
2025-05-31 12:35:18,347,18.83,87.66
2025-05-31 13:05:18,650,18.3,64.36
2025-05-31 13:35:18,729,38.58,41.34
2025-05-31 14:05:18,693,17.98,58.67
2025-05-31 14:35:18,737,42.73,32.08
2025-05-31 15:05:18,900,30.45,37.52
2025-05-31 15:35:18,295,19.11,68.83
2025-05-31 16:05:18,230,35.99,50.99
2025-05-31 16:35:18,636,32.52,64.35
2025-05-31 17:05:18,414,20.05,100.0
2025-05-31 17:35:18,220,21.55,71.81
2025-05-31 18:05:18,529,20.18,100.0
2025-05-31 18:35:18,509,22.41,100.0
2025-05-31 19:05:18,675,31.98,60.87
2025-05-31 19:35:18,879,16.9,34.7
2025-05-31 20:05:18,454,36.3,77.4
2025-05-31 20:35:18,751,40.84,34.22
2025-05-31 21:05:18,427,16.61,83.22
2025-05-31 21:35:18,751,23.84,65.91
2025-05-31 22:05:18,830,43.63,19.37
2025-05-31 22:35:18,481,34.43,81.15
2025-05-31 23:05:18,851,34.22,35.73
2025-05-31 23:35:18,432,43.67,62.67
2025-06-01 00:05:18,428,18.17,86.35
2025-06-01 00:35:18,575,30.15,89.7
2025-06-01 01:05:18,375,40.12,69.76
2025-06-01 01:35:18,387,27.84,100.0
2025-06-01 02:05:18,684,29.18,73.77
2025-06-01 02:35:18,459,28.12,100.0
2025-06-01 03:05:18,337,42.3,65.39
2025-06-01 03:35:18,585,37.55,74.9
2025-06-01 04:05:18,281,19.29,67.54
2025-06-01 04:35:18,394,20.87,100.0
2025-06-01 05:05:18,405,32.26,85.48
2025-06-01 05:35:18,695,32.85,56.77
2025-06-01 06:05:18,473,18.24,86.47
2025-06-01 06:35:18,295,27.47,80.6
2025-06-01 07:05:18,535,32.03,85.93
2025-06-01 07:35:18,787,25.66,61.68
2025-06-01 08:05:18,516,33.96,82.08
2025-06-01 08:35:18,428,24.07,100.0
2025-06-01 09:05:18,803,31.13,47.54
2025-06-01 09:35:18,531,31.11,87.77
2025-06-01 10:05:18,405,22.32,100.0
2025-06-01 10:35:18,512,24.3,100.0
2025-06-01 11:05:18,717,22.18,69.89
2025-06-01 11:35:18,440,34.68,80.64
2025-06-01 12:05:18,472,33.14,83.72
2025-06-01 12:35:18,549,43.78,62.45
2025-06-01 13:05:18,391,27.42,100.0
2025-06-01 13:35:18,767,43.77,26.5
2025-06-01 14:05:18,647,21.22,78.11
2025-06-01 14:35:18,701,32.33,57.11
2025-06-01 15:05:18,799,20.34,60.28
2025-06-01 15:35:18,732,19.87,57.88
2025-06-01 16:05:18,696,44.24,33.89
2025-06-01 16:35:18,382,20.4,100.0
2025-06-01 17:05:18,271,22.19,77.79
2025-06-01 17:35:18,362,34.02,81.95
2025-06-01 18:05:18,335,32.07,85.86
2025-06-01 18:35:18,537,33.22,83.56
2025-06-01 19:05:18,223,42.88,36.39
2025-06-01 19:35:18,410,23.96,100.0
2025-06-01 20:05:18,447,35.05,79.9
2025-06-01 20:35:18,805,28.47,59.57
2025-06-01 21:05:18,237,27.16,73.8
2025-06-01 21:35:18,623,27.21,80.92
2025-06-01 22:05:18,500,28.36,100.0
2025-06-01 22:35:18,235,27.98,73.57
2025-06-01 23:05:18,397,30.96,88.09
2025-06-01 23:35:18,307,42.72,64.57
2025-06-02 00:05:18,301,24.27,81.31
2025-06-02 00:35:18,338,33.74,82.52
2025-06-02 01:05:18,805,32.47,44.62
2025-06-02 01:35:18,786,37.07,37.67
2025-06-02 02:05:18,490,17.07,84.15
2025-06-02 02:35:18,379,35.32,79.36
2025-06-02 03:05:18,708,28.35,70.95
2025-06-02 03:35:18,413,36.41,77.17
2025-06-02 04:05:18,278,36.9,54.82
2025-06-02 04:35:18,506,21.68,100.0
2025-06-02 05:05:18,649,36.38,55.11
2025-06-02 05:35:18,235,34.78,54.01
2025-06-02 06:05:18,253,23.13,75.68
2025-06-02 06:35:18,409,24.19,100.0
2025-06-02 07:05:18,270,21.96,77.67
2025-06-02 07:35:18,846,36.79,31.18
2025-06-02 08:05:18,844,40.91,23.17
2025-06-02 08:35:18,739,38.7,39.91
2025-06-02 09:05:18,844,16.07,37.13
2025-06-02 09:35:18,557,27.18,100.0
2025-06-02 10:05:18,633,34.85,60.05
2025-06-02 10:35:18,301,38.24,54.82
2025-06-02 11:05:18,410,22.32,100.0
2025-06-02 11:35:18,292,30.34,69.58
2025-06-02 12:05:18,337,39.93,70.13
2025-06-02 12:35:18,584,42.42,65.17
2025-06-02 13:05:18,405,43.6,62.8
2025-06-02 13:35:18,433,36.2,77.61
2025-06-02 14:05:18,647,33.68,60.74
2025-06-02 14:35:18,283,39.36,50.48
2025-06-02 15:05:18,790,32.39,46.55
2025-06-02 15:35:18,883,43.98,12.46
2025-06-02 16:05:18,513,16.15,82.31
2025-06-02 16:35:18,454,20.39,100.0
2025-06-02 17:05:18,717,17.92,55.73
2025-06-02 17:35:18,341,30.66,88.68
2025-06-02 18:05:18,262,18.15,63.04
2025-06-02 18:35:18,431,37.77,74.46
2025-06-02 19:05:18,770,17.85,49.38
2025-06-02 19:35:18,626,34.82,60.93
2025-06-02 20:05:18,286,26.9,79.55
2025-06-02 20:35:18,673,26.69,75.06
2025-06-02 21:05:18,393,36.19,77.61
2025-06-02 21:35:18,389,42.49,65.03
2025-06-02 22:05:18,289,21.43,79.9
2025-06-02 22:35:18,283,28.43,79.2
2025-06-02 23:05:18,543,43.23,63.55
2025-06-02 23:35:18,312,33.34,83.33
2025-06-03 00:05:18,274,34.95,58.25
2025-06-03 00:35:18,547,28.87,100.0
2025-06-03 01:05:18,595,30.08,89.84
2025-06-03 01:35:18,427,21.49,100.0
2025-06-03 02:05:18,374,24.84,100.0
2025-06-03 02:35:18,318,36.31,77.39
2025-06-03 03:05:18,732,16.15,50.43
2025-06-03 03:35:18,830,35.27,36.09
2025-06-03 04:05:18,216,27.54,71.34
2025-06-03 04:35:18,871,29.67,51.83
2025-06-03 05:05:18,388,21.92,100.0
2025-06-03 05:35:18,376,42.48,65.04
2025-06-03 06:05:18,742,28.03,66.96
2025-06-03 06:35:18,230,43.41,36.17
2025-06-03 07:05:18,805,34.05,41.48
2025-06-03 07:35:18,213,31.03,58.92
2025-06-03 08:05:18,843,20.24,55.11
2025-06-03 08:35:18,400,24.49,100.0
2025-06-03 09:05:18,835,17.47,40.99
2025-06-03 09:35:18,867,21.93,52.3
2025-06-03 10:05:18,795,23.5,60.74
2025-06-03 10:35:18,230,26.23,72.98
2025-06-03 11:05:18,717,18.3,56.48
2025-06-03 11:35:18,746,32.92,50.65
2025-06-03 12:05:18,445,17.47,84.94
2025-06-03 12:35:18,684,43.97,35.82
2025-06-03 13:05:18,448,24.63,100.0
2025-06-03 13:35:18,787,33.29,45.09
2025-06-03 14:05:18,525,36.27,77.46
2025-06-03 14:35:18,332,16.86,83.72
2025-06-03 15:05:18,429,35.88,78.24
2025-06-03 15:35:18,265,22.8,77.09
2025-06-03 16:05:18,678,28.7,74.47
2025-06-03 16:35:18,743,18.85,54.55
2025-06-03 17:05:18,868,20.82,52.18
2025-06-03 17:35:18,476,39.35,71.3
2025-06-03 18:05:18,427,27.92,100.0
2025-06-03 18:35:18,656,19.29,65.62
2025-06-03 19:05:18,539,26.68,100.0
2025-06-03 19:35:18,861,37.23,28.54
2025-06-03 20:05:18,637,39.27,50.73
2025-06-03 20:35:18,227,25.53,72.63
2025-06-03 21:05:18,719,28.08,69.66
2025-06-03 21:35:18,297,26.86,80.84
2025-06-03 22:05:18,372,28.99,100.0
2025-06-03 22:35:18,378,30.84,88.32
2025-06-03 23:05:18,736,26.34,67.67
2025-06-03 23:35:18,380,31.3,87.41
2025-06-04 00:05:18,260,39.87,46.75
2025-06-04 00:35:18,506,32.33,85.35
2025-06-04 01:05:18,264,15.45,57.87
2025-06-04 01:35:18,232,23.29,73.21
2025-06-04 02:05:18,660,21.71,76.58
2025-06-04 02:35:18,299,31.69,67.69
2025-06-04 03:05:18,326,31.2,87.6
2025-06-04 03:35:18,617,22.15,81.62
2025-06-04 04:05:18,553,27.9,100.0
2025-06-04 04:35:18,297,15.95,62.74
2025-06-04 05:05:18,200,22.38,69.46
2025-06-04 05:35:18,321,39.71,70.58
2025-06-04 06:05:18,315,24.11,100.0
2025-06-04 06:35:18,691,17.46,57.87
2025-06-04 07:05:18,452,24.2,100.0
2025-06-04 07:35:18,875,41.18,19.0
2025-06-04 08:05:18,291,20.71,80.13
2025-06-04 08:35:18,288,21.63,79.78
2025-06-04 09:05:18,620,31.89,67.49
2025-06-04 09:35:18,402,43.23,63.54
2025-06-04 10:05:18,594,18.67,87.34
2025-06-04 10:35:18,782,35.8,40.67
2025-06-04 11:05:18,795,42.1,26.55
2025-06-04 11:35:18,538,19.44,88.89
2025-06-04 12:05:18,801,25.3,60.04
2025-06-04 12:35:18,724,18.61,56.29
2025-06-04 13:05:18,306,22.78,81.89
2025-06-04 13:35:18,492,29.88,100.0
2025-06-04 14:05:18,794,31.4,48.06
2025-06-04 14:35:18,582,18.19,86.37
2025-06-04 15:05:18,698,44.02,34.09
2025-06-04 15:35:18,828,40.93,25.01
2025-06-04 16:05:18,784,21.74,62.04
2025-06-04 16:35:18,588,20.19,100.0
2025-06-04 17:05:18,387,40.16,69.69
2025-06-04 17:35:18,490,17.07,84.13
2025-06-04 18:05:18,576,33.2,83.59
2025-06-04 18:35:18,439,29.87,100.0
2025-06-04 19:05:18,339,19.99,89.99
2025-06-04 19:35:18,255,29.65,75.91
2025-06-04 20:05:18,663,36.63,52.98
2025-06-04 20:35:18,442,28.95,100.0
2025-06-04 21:05:18,639,32.59,63.86
2025-06-04 21:35:18,447,17.39,84.77
2025-06-04 22:05:18,593,24.18,100.0
2025-06-04 22:35:18,414,18.64,87.28
2025-06-04 23:05:18,747,35.78,44.82
2025-06-04 23:35:18,875,30.9,39.56
2025-06-05 00:05:18,396,31.96,86.07
2025-06-05 00:35:18,718,25.9,69.78
2025-06-05 01:05:18,632,32.3,65.26
2025-06-05 01:35:18,799,40.81,28.65
2025-06-05 02:05:18,323,27.89,100.0
2025-06-05 02:35:18,792,17.84,46.78
2025-06-05 03:05:18,376,39.59,70.82
2025-06-05 03:35:18,324,39.0,71.99
2025-06-05 04:05:18,521,42.84,64.31
2025-06-05 04:35:18,758,39.33,36.42
2025-06-05 05:05:18,297,23.62,80.84
2025-06-05 05:35:18,627,37.73,55.0
2025-06-05 06:05:18,618,35.04,61.42
2025-06-05 06:35:18,649,37.65,52.56
2025-06-05 07:05:18,231,44.13,34.83
2025-06-05 07:35:18,570,34.14,81.73
2025-06-05 08:05:18,546,27.46,100.0
2025-06-05 08:35:18,677,17.86,60.3
2025-06-05 09:05:18,483,26.49,100.0
2025-06-05 09:35:18,562,15.3,80.6
2025-06-05 10:05:18,218,43.96,33.65
2025-06-05 10:35:18,600,35.81,78.39
2025-06-05 11:05:18,361,31.76,86.49
2025-06-05 11:35:18,468,37.82,74.37
2025-06-05 12:05:18,725,17.24,53.43
2025-06-05 12:35:18,885,27.37,50.19
2025-06-05 13:05:18,834,30.68,44.8
2025-06-05 13:35:18,611,35.31,79.39
2025-06-05 14:05:18,740,35.29,46.61
2025-06-05 14:35:18,398,25.57,100.0
2025-06-05 15:05:18,679,26.29,74.35
2025-06-05 15:35:18,514,44.85,60.31
2025-06-05 16:05:18,281,17.48,63.92
2025-06-05 16:35:18,642,38.03,52.62
2025-06-05 17:05:18,659,28.29,76.7
2025-06-05 17:35:18,287,17.13,63.92
2025-06-05 18:05:18,238,20.01,73.92
2025-06-05 18:35:18,421,15.72,81.43
2025-06-05 19:05:18,673,17.05,59.15
2025-06-05 19:35:18,541,22.33,100.0
2025-06-05 20:05:18,674,28.4,74.94
2025-06-05 20:35:18,832,22.41,56.4
2025-06-05 21:05:18,621,19.77,70.7
2025-06-05 21:35:18,792,30.66,49.78
2025-06-05 22:05:18,650,38.01,51.74
2025-06-05 22:35:18,334,27.16,100.0
2025-06-05 23:05:18,295,28.73,80.6
2025-06-05 23:35:18,676,25.86,74.7
2025-06-06 00:05:18,460,35.86,78.29
2025-06-06 00:35:18,851,24.28,54.18
2025-06-06 01:05:18,656,44.02,39.01
2025-06-06 01:35:18,357,36.0,78.01
2025-06-06 02:05:18,665,40.91,44.17
2025-06-06 02:35:18,678,34.74,54.98
2025-06-06 03:05:18,748,31.57,53.12
2025-06-06 03:35:18,634,20.69,79.63
2025-06-06 04:05:18,485,33.35,83.29
2025-06-06 04:35:18,585,41.68,66.64
2025-06-06 05:05:18,830,33.79,39.06
2025-06-06 05:35:18,715,40.12,39.9
2025-06-06 06:05:18,567,17.89,85.78
2025-06-06 06:35:18,283,22.81,79.2
2025-06-06 07:05:18,649,37.69,52.49
2025-06-06 07:35:18,762,43.68,27.26
2025-06-06 08:05:18,712,43.94,32.59
2025-06-06 08:35:18,432,23.15,100.0
2025-06-06 09:05:18,331,27.07,100.0
2025-06-06 09:35:18,465,33.01,83.98
2025-06-06 10:05:18,437,40.19,69.62
2025-06-06 10:35:18,529,32.32,85.36
2025-06-06 11:05:18,739,41.24,34.84
2025-06-06 11:35:18,888,31.98,35.88
2025-06-06 12:05:18,327,43.38,63.25
2025-06-06 12:35:18,376,25.64,100.0
2025-06-06 13:05:18,897,32.6,33.59
2025-06-06 13:35:18,515,40.2,69.6
2025-06-06 14:05:18,553,41.66,66.68
2025-06-06 14:35:18,752,19.94,55.66
2025-06-06 15:05:18,510,35.24,79.52
2025-06-06 15:35:18,269,24.23,77.55
2025-06-06 16:05:18,854,43.82,16.19
2025-06-06 16:35:18,675,43.84,37.13
2025-06-06 17:05:18,754,26.28,65.55
2025-06-06 17:35:18,276,22.35,78.38
2025-06-06 18:05:18,411,29.96,100.0
2025-06-06 18:35:18,687,34.18,55.06
2025-06-06 19:05:18,676,20.62,74.7
2025-06-06 19:35:18,854,23.38,53.82
2025-06-06 20:05:18,510,17.27,84.55
2025-06-06 20:35:18,568,15.68,81.36
2025-06-06 21:05:18,332,23.06,100.0
2025-06-06 21:35:18,234,31.98,59.49
2025-06-06 22:05:18,520,43.9,62.21
2025-06-06 22:35:18,717,28.7,69.89
2025-06-06 23:05:18,260,40.25,45.99
2025-06-06 23:35:18,210,20.29,70.63
2025-06-07 00:05:18,540,16.13,82.25
2025-06-07 00:35:18,675,19.78,64.38
2025-06-07 01:05:18,244,35.74,53.14
2025-06-07 01:35:18,827,32.92,41.16
2025-06-07 02:05:18,733,28.09,68.02
2025-06-07 02:35:18,287,30.27,69.12
2025-06-07 03:05:18,674,41.74,41.47
2025-06-07 03:35:18,844,21.77,55.0
2025-06-07 04:05:18,277,24.1,78.49
2025-06-07 04:35:18,728,37.88,42.85
2025-06-07 05:05:18,708,40.86,39.22
2025-06-07 05:35:18,491,37.17,75.65
2025-06-07 06:05:18,662,36.01,54.33
2025-06-07 06:35:18,264,27.85,76.97
2025-06-07 07:05:18,846,38.15,28.47
2025-06-07 07:35:18,529,29.13,100.0
2025-06-07 08:05:18,281,37.07,54.83
2025-06-07 08:35:18,570,35.6,78.79
2025-06-07 09:05:18,354,36.91,76.19
2025-06-07 09:35:18,441,25.83,100.0
2025-06-07 10:05:18,696,36.6,49.17
2025-06-07 10:35:18,444,37.64,74.71
2025-06-07 11:05:18,896,42.86,13.17
2025-06-07 11:35:18,399,22.56,100.0
2025-06-07 12:05:18,646,40.0,48.21
2025-06-07 12:35:18,633,35.83,58.09
2025-06-07 13:05:18,296,25.45,80.72
2025-06-07 13:35:18,399,37.72,74.56
2025-06-07 14:05:18,316,42.4,65.21
2025-06-07 14:35:18,502,32.65,84.7
2025-06-07 15:05:18,460,32.73,84.53
2025-06-07 15:35:18,435,43.83,62.35
2025-06-07 16:05:18,549,28.41,100.0
2025-06-07 16:35:18,632,32.12,65.63
2025-06-07 17:05:18,643,34.76,59.05
2025-06-07 17:35:18,705,35.69,49.92
2025-06-07 18:05:18,232,21.47,73.21
2025-06-07 18:35:18,882,17.71,35.95
2025-06-07 19:05:18,797,19.96,50.43
2025-06-07 19:35:18,455,16.9,83.81
2025-06-07 20:05:18,634,18.46,66.56
2025-06-07 20:35:18,863,26.79,52.77
2025-06-07 21:05:18,849,21.69,54.41
2025-06-07 21:35:18,738,28.9,67.43
2025-06-07 22:05:18,806,25.51,59.45
2025-06-07 22:35:18,552,42.04,65.91
2025-06-07 23:05:18,379,24.42,100.0
2025-06-07 23:35:18,611,24.76,100.0
2025-06-08 00:05:18,468,38.99,72.02
2025-06-08 00:35:18,290,20.97,80.02
2025-06-08 01:05:18,525,29.49,100.0
2025-06-08 01:35:18,404,31.97,86.05
2025-06-08 02:05:18,538,31.45,87.1
2025-06-08 02:35:18,365,19.01,88.03
2025-06-08 03:05:18,376,29.73,100.0
2025-06-08 03:35:18,313,15.21,80.43
2025-06-08 04:05:18,842,24.67,55.23
2025-06-08 04:35:18,455,19.97,89.93
2025-06-08 05:05:18,619,18.83,69.06
2025-06-08 05:35:18,212,27.47,70.87
2025-06-08 06:05:18,725,36.0,46.96
2025-06-08 06:35:18,395,20.31,100.0
2025-06-08 07:05:18,239,44.0,36.03
2025-06-08 07:35:18,523,43.01,63.99
